rank,corridor_key,corridor_name,origin_market,destination_market,origin_airport_iata,origin_airport_icao,destination_airport_iata,destination_airport_icao,primary_route_label,route_family,route_direction,waypoints,validation_status,faa_validation_status,source_basis,route_rank_basis,geometry_source_basis,notes
1,lga_ord,New York (LGA) to Chicago (ORD),New York,Chicago,LGA,KLGA,ORD,KORD,Q-436 / J-60,q_route_or_mixed,new_york_to_chicago,LGA|DIXIE|LANNA|COATE|DJB|ORD,user_approved_for_testing,needs_faa_validation,User-provided Top-50 aviation route table; user-approved for RouteCast testing regardless of FAA validation status,static_top_50_busiest_route_reference_not_delay_truth,FAA NASR 2026-06-11 waypoint coordinate extraction companion files; coordinates are not delay truth,"Internal RouteCast test corridor only; not FAA approval truth, not delay truth, not ATCSCC operational truth, not dispatch guidance"
2,ord_lga,Chicago (ORD) to New York (LGA),Chicago,New York,ORD,KORD,LGA,KLGA,Q-42 / WYNDA STAR,q_route_or_mixed,chicago_to_new_york,ORD|OXI|VIO|ETG|MIP|WYNDA|LGA,user_approved_for_testing,needs_faa_validation,User-provided Top-50 aviation route table; user-approved for RouteCast testing regardless of FAA validation status,static_top_50_busiest_route_reference_not_delay_truth,FAA NASR 2026-06-11 waypoint coordinate extraction companion files; coordinates are not delay truth,"Internal RouteCast test corridor only; not FAA approval truth, not delay truth, not ATCSCC operational truth, not dispatch guidance"
3,jfk_dca,New York (JFK) to Washington (DCA),New York,Washington,JFK,KJFK,DCA,KDCA,V-169 / CAPS2 STAR,victor_route_or_mixed,new_york_to_washington,JFK|WHITE|ATR|ENO|BAL|CAPS|DCA,user_approved_for_testing,needs_faa_validation,User-provided Top-50 aviation route table; user-approved for RouteCast testing regardless of FAA validation status,static_top_50_busiest_route_reference_not_delay_truth,FAA NASR 2026-06-11 waypoint coordinate extraction companion files; coordinates are not delay truth,"Internal RouteCast test corridor only; not FAA approval truth, not delay truth, not ATCSCC operational truth, not dispatch guidance"
4,dca_bos,Washington (DCA) to Boston (BOS),Washington,Boston,DCA,KDCA,BOS,KBOS,Q-75 / ROBUC STAR,q_route_or_mixed,washington_to_boston,DCA|BAL|MXE|ARD|JFK|ROBUC|BOS,user_approved_for_testing,needs_faa_validation,User-provided Top-50 aviation route table; user-approved for RouteCast testing regardless of FAA validation status,static_top_50_busiest_route_reference_not_delay_truth,FAA NASR 2026-06-11 waypoint coordinate extraction companion files; coordinates are not delay truth,"Internal RouteCast test corridor only; not FAA approval truth, not delay truth, not ATCSCC operational truth, not dispatch guidance"
5,bos_lga,Boston (BOS) to New York (LGA),Boston,New York,BOS,KBOS,LGA,KLGA,J-55 / HAARP STAR,jet_route_or_mixed,boston_to_new_york,BOS|PVD|SEY|HNY|HAARP|LGA,user_approved_for_testing,needs_faa_validation,User-provided Top-50 aviation route table; user-approved for RouteCast testing regardless of FAA validation status,static_top_50_busiest_route_reference_not_delay_truth,FAA NASR 2026-06-11 waypoint coordinate extraction companion files; coordinates are not delay truth,"Internal RouteCast test corridor only; not FAA approval truth, not delay truth, not ATCSCC operational truth, not dispatch guidance"
6,ewr_bos,New York (EWR) to Boston (BOS),New York,Boston,EWR,KEWR,BOS,KBOS,Q-480 / WOONS STAR,q_route_or_mixed,new_york_to_boston,EWR|BDR|MAD|ORW|WOONS|BOS,user_approved_for_testing,needs_faa_validation,User-provided Top-50 aviation route table; user-approved for RouteCast testing regardless of FAA validation status,static_top_50_busiest_route_reference_not_delay_truth,FAA NASR 2026-06-11 waypoint coordinate extraction companion files; coordinates are not delay truth,"Internal RouteCast test corridor only; not FAA approval truth, not delay truth, not ATCSCC operational truth, not dispatch guidance"
7,phl_bos,Philadelphia (PHL) to Boston (BOS),Philadelphia,Boston,PHL,KPHL,BOS,KBOS,J-121 / JFUND STAR,jet_route_or_mixed,philadelphia_to_boston,PHL|BRIGS|JFK|ORW|JFUND|BOS,user_approved_for_testing,needs_faa_validation,User-provided Top-50 aviation route table; user-approved for RouteCast testing regardless of FAA validation status,static_top_50_busiest_route_reference_not_delay_truth,FAA NASR 2026-06-11 waypoint coordinate extraction companion files; coordinates are not delay truth,"Internal RouteCast test corridor only; not FAA approval truth, not delay truth, not ATCSCC operational truth, not dispatch guidance"
8,iad_ord,Washington (IAD) to Chicago (ORD),Washington,Chicago,IAD,KIAD,ORD,KORD,Q-68 / J-212,q_route_or_mixed,washington_to_chicago,IAD|LDN|EWC|DJB|OBK|ORD,user_approved_for_testing,needs_faa_validation,User-provided Top-50 aviation route table; user-approved for RouteCast testing regardless of FAA validation status,static_top_50_busiest_route_reference_not_delay_truth,FAA NASR 2026-06-11 waypoint coordinate extraction companion files; coordinates are not delay truth,"Internal RouteCast test corridor only; not FAA approval truth, not delay truth, not ATCSCC operational truth, not dispatch guidance"
9,bos_dca,Boston (BOS) to Washington (DCA),Boston,Washington,BOS,KBOS,DCA,KDCA,Q-419 / TRKEE STAR,q_route_or_mixed,boston_to_washington,BOS|HNK|LRP|EMI|TRKEE|DCA,user_approved_for_testing,needs_faa_validation,User-provided Top-50 aviation route table; user-approved for RouteCast testing regardless of FAA validation status,static_top_50_busiest_route_reference_not_delay_truth,FAA NASR 2026-06-11 waypoint coordinate extraction companion files; coordinates are not delay truth,"Internal RouteCast test corridor only; not FAA approval truth, not delay truth, not ATCSCC operational truth, not dispatch guidance"
10,lga_yyz,New York (LGA) to Toronto (YYZ),New York,Toronto,LGA,KLGA,YYZ,CYYZ,Q-938 / LINNG STAR,q_route_or_mixed,new_york_to_toronto,LGA|GIBBS|HUO|JHW|LINNG|YYZ,user_approved_for_testing,needs_faa_validation,User-provided Top-50 aviation route table; user-approved for RouteCast testing regardless of FAA validation status,static_top_50_busiest_route_reference_not_delay_truth,FAA NASR 2026-06-11 waypoint coordinate extraction companion files; coordinates are not delay truth,"Internal RouteCast test corridor only; not FAA approval truth, not delay truth, not ATCSCC operational truth, not dispatch guidance"
11,jfk_mia,New York (JFK) to Miami (MIA),New York,Miami,JFK,KJFK,MIA,KMIA,Q-85 / ANNEY STAR,q_route_or_mixed,new_york_to_miami,JFK|WAVER|CARDN|ISO|CHS|ANNEY|MIA,user_approved_for_testing,needs_faa_validation,User-provided Top-50 aviation route table; user-approved for RouteCast testing regardless of FAA validation status,static_top_50_busiest_route_reference_not_delay_truth,FAA NASR 2026-06-11 waypoint coordinate extraction companion files; coordinates are not delay truth,"Internal RouteCast test corridor only; not FAA approval truth, not delay truth, not ATCSCC operational truth, not dispatch guidance"
12,mia_jfk,Miami (MIA) to New York (JFK),Miami,New York,MIA,KMIA,JFK,KJFK,Q-103 / CAMRN STAR,q_route_or_mixed,miami_to_new_york,MIA|DIXIE|OMN|ILM|SARAA|CAMRN|JFK,user_approved_for_testing,needs_faa_validation,User-provided Top-50 aviation route table; user-approved for RouteCast testing regardless of FAA validation status,static_top_50_busiest_route_reference_not_delay_truth,FAA NASR 2026-06-11 waypoint coordinate extraction companion files; coordinates are not delay truth,"Internal RouteCast test corridor only; not FAA approval truth, not delay truth, not ATCSCC operational truth, not dispatch guidance"
13,bos_mco,Boston (BOS) to Orlando (MCO),Boston,Orlando,BOS,KBOS,MCO,KMCO,Q-75 / BITHO STAR,q_route_or_mixed,boston_to_orlando,BOS|HNK|LRP|GVE|ISO|BITHO|MCO,user_approved_for_testing,needs_faa_validation,User-provided Top-50 aviation route table; user-approved for RouteCast testing regardless of FAA validation status,static_top_50_busiest_route_reference_not_delay_truth,FAA NASR 2026-06-11 waypoint coordinate extraction companion files; coordinates are not delay truth,"Internal RouteCast test corridor only; not FAA approval truth, not delay truth, not ATCSCC operational truth, not dispatch guidance"
14,mco_bos,Orlando (MCO) to Boston (BOS),Orlando,Boston,MCO,KMCO,BOS,KBOS,Q-97 / ROBUC STAR,q_route_or_mixed,orlando_to_boston,MCO|OMN|CHS|PXT|JFK|ROBUC|BOS,user_approved_for_testing,needs_faa_validation,User-provided Top-50 aviation route table; user-approved for RouteCast testing regardless of FAA validation status,static_top_50_busiest_route_reference_not_delay_truth,FAA NASR 2026-06-11 waypoint coordinate extraction companion files; coordinates are not delay truth,"Internal RouteCast test corridor only; not FAA approval truth, not delay truth, not ATCSCC operational truth, not dispatch guidance"
15,ewr_fll,New York (EWR) to Fort Lauderdale (FLL),New York,Fort Lauderdale,EWR,KEWR,FLL,KFLL,Q-22 / FORTL STAR,q_route_or_mixed,new_york_to_fort_lauderdale,EWR|LANNA|BAE|ILM|JAYCO|FORTL|FLL,user_approved_for_testing,needs_faa_validation,User-provided Top-50 aviation route table; user-approved for RouteCast testing regardless of FAA validation status,static_top_50_busiest_route_reference_not_delay_truth,FAA NASR 2026-06-11 waypoint coordinate extraction companion files; coordinates are not delay truth,"Internal RouteCast test corridor only; not FAA approval truth, not delay truth, not ATCSCC operational truth, not dispatch guidance"
16,dca_mco,Washington (DCA) to Orlando (MCO),Washington,Orlando,DCA,KDCA,MCO,KMCO,J-79 / TIEGE STAR,jet_route_or_mixed,washington_to_orlando,DCA|FAK|TYI|CHS|TIEGE|MCO,user_approved_for_testing,needs_faa_validation,User-provided Top-50 aviation route table; user-approved for RouteCast testing regardless of FAA validation status,static_top_50_busiest_route_reference_not_delay_truth,FAA NASR 2026-06-11 waypoint coordinate extraction companion files; coordinates are not delay truth,"Internal RouteCast test corridor only; not FAA approval truth, not delay truth, not ATCSCC operational truth, not dispatch guidance"
17,lga_pbi,New York (LGA) to West Palm Beach (PBI),New York,West Palm Beach,LGA,KLGA,PBI,KPBI,Q-87 / BUFFE STAR,q_route_or_mixed,new_york_to_west_palm_beach,LGA|WHITE|SBY|DIW|CLB|BUFFE|PBI,user_approved_for_testing,needs_faa_validation,User-provided Top-50 aviation route table; user-approved for RouteCast testing regardless of FAA validation status,static_top_50_busiest_route_reference_not_delay_truth,FAA NASR 2026-06-11 waypoint coordinate extraction companion files; coordinates are not delay truth,"Internal RouteCast test corridor only; not FAA approval truth, not delay truth, not ATCSCC operational truth, not dispatch guidance"
18,bos_mia,Boston (BOS) to Miami (MIA),Boston,Miami,BOS,KBOS,MIA,KMIA,Q-63 / FROGZ STAR,q_route_or_mixed,boston_to_miami,BOS|ORW|SBY|ISO|JZI|FROGZ|MIA,user_approved_for_testing,needs_faa_validation,User-provided Top-50 aviation route table; user-approved for RouteCast testing regardless of FAA validation status,static_top_50_busiest_route_reference_not_delay_truth,FAA NASR 2026-06-11 waypoint coordinate extraction companion files; coordinates are not delay truth,"Internal RouteCast test corridor only; not FAA approval truth, not delay truth, not ATCSCC operational truth, not dispatch guidance"
19,phl_mco,Philadelphia (PHL) to Orlando (MCO),Philadelphia,Orlando,PHL,KPHL,MCO,KMCO,Q-99 / BAIRN STAR,q_route_or_mixed,philadelphia_to_orlando,PHL|ENO|RDU|CHS|TAY|BAIRN|MCO,user_approved_for_testing,needs_faa_validation,User-provided Top-50 aviation route table; user-approved for RouteCast testing regardless of FAA validation status,static_top_50_busiest_route_reference_not_delay_truth,FAA NASR 2026-06-11 waypoint coordinate extraction companion files; coordinates are not delay truth,"Internal RouteCast test corridor only; not FAA approval truth, not delay truth, not ATCSCC operational truth, not dispatch guidance"
20,ewr_tpa,New York (EWR) to Tampa (TPA),New York,Tampa,EWR,KEWR,TPA,KTPA,Q-421 / DADDE STAR,q_route_or_mixed,new_york_to_tampa,EWR|DIXIE|SBY|RDU|CRG|DADDE|TPA,user_approved_for_testing,needs_faa_validation,User-provided Top-50 aviation route table; user-approved for RouteCast testing regardless of FAA validation status,static_top_50_busiest_route_reference_not_delay_truth,FAA NASR 2026-06-11 waypoint coordinate extraction companion files; coordinates are not delay truth,"Internal RouteCast test corridor only; not FAA approval truth, not delay truth, not ATCSCC operational truth, not dispatch guidance"
21,atl_mco,Atlanta (ATL) to Orlando (MCO),Atlanta,Orlando,ATL,KATL,MCO,KMCO,J-89 / JURSN STAR,jet_route_or_mixed,atlanta_to_orlando,ATL|MACON|VAD|TAY|JURSN|MCO,user_approved_for_testing,needs_faa_validation,User-provided Top-50 aviation route table; user-approved for RouteCast testing regardless of FAA validation status,static_top_50_busiest_route_reference_not_delay_truth,FAA NASR 2026-06-11 waypoint coordinate extraction companion files; coordinates are not delay truth,"Internal RouteCast test corridor only; not FAA approval truth, not delay truth, not ATCSCC operational truth, not dispatch guidance"
22,mco_atl,Orlando (MCO) to Atlanta (ATL),Orlando,Atlanta,MCO,KMCO,ATL,KATL,CANDI DEPARTURE / DIRTY STAR,sid_star_procedure_route,orlando_to_atlanta,MCO|CANDI|CRG|OTK|DIRTY|ATL,user_approved_for_testing,needs_faa_validation,User-provided Top-50 aviation route table; user-approved for RouteCast testing regardless of FAA validation status,static_top_50_busiest_route_reference_not_delay_truth,FAA NASR 2026-06-11 waypoint coordinate extraction companion files; coordinates are not delay truth,"Internal RouteCast test corridor only; not FAA approval truth, not delay truth, not ATCSCC operational truth, not dispatch guidance"
23,atl_lga,Atlanta (ATL) to New York (LGA),Atlanta,New York,ATL,KATL,LGA,KLGA,Q-56 / JJUPR STAR,q_route_or_mixed,atlanta_to_new_york,ATL|SPA|GSO|SBV|LANNA|JJUPR|LGA,user_approved_for_testing,needs_faa_validation,User-provided Top-50 aviation route table; user-approved for RouteCast testing regardless of FAA validation status,static_top_50_busiest_route_reference_not_delay_truth,FAA NASR 2026-06-11 waypoint coordinate extraction companion files; coordinates are not delay truth,"Internal RouteCast test corridor only; not FAA approval truth, not delay truth, not ATCSCC operational truth, not dispatch guidance"
24,ord_atl,Chicago (ORD) to Atlanta (ATL),Chicago,Atlanta,ORD,KORD,ATL,KATL,J-101 / EBYEE STAR,jet_route_or_mixed,chicago_to_atlanta,ORD|OXI|VHP|BNA|EBYEE|ATL,user_approved_for_testing,needs_faa_validation,User-provided Top-50 aviation route table; user-approved for RouteCast testing regardless of FAA validation status,static_top_50_busiest_route_reference_not_delay_truth,FAA NASR 2026-06-11 waypoint coordinate extraction companion files; coordinates are not delay truth,"Internal RouteCast test corridor only; not FAA approval truth, not delay truth, not ATCSCC operational truth, not dispatch guidance"
25,atl_ord,Atlanta (ATL) to Chicago (ORD),Atlanta,Chicago,ATL,KATL,ORD,KORD,J-149 / WATSN STAR,jet_route_or_mixed,atlanta_to_chicago,ATL|BNA|PXV|MAGOO|WATSN|ORD,user_approved_for_testing,needs_faa_validation,User-provided Top-50 aviation route table; user-approved for RouteCast testing regardless of FAA validation status,static_top_50_busiest_route_reference_not_delay_truth,FAA NASR 2026-06-11 waypoint coordinate extraction companion files; coordinates are not delay truth,"Internal RouteCast test corridor only; not FAA approval truth, not delay truth, not ATCSCC operational truth, not dispatch guidance"
26,ord_dfw,Chicago (ORD) to Dallas-Fort Worth (DFW),Chicago,Dallas-Fort Worth,ORD,KORD,DFW,KDFW,J-181 / REYTE STAR,jet_route_or_mixed,chicago_to_dallas_fort_worth,ORD|IOW|IRK|BUM|TUL|REYTE|DFW,user_approved_for_testing,needs_faa_validation,User-provided Top-50 aviation route table; user-approved for RouteCast testing regardless of FAA validation status,static_top_50_busiest_route_reference_not_delay_truth,FAA NASR 2026-06-11 waypoint coordinate extraction companion files; coordinates are not delay truth,"Internal RouteCast test corridor only; not FAA approval truth, not delay truth, not ATCSCC operational truth, not dispatch guidance"
27,dfw_ord,Dallas-Fort Worth (DFW) to Chicago (ORD),Dallas-Fort Worth,Chicago,DFW,KDFW,ORD,KORD,J-25 / WYSSAL STAR,jet_route_or_mixed,dallas_fort_worth_to_chicago,DFW|MLC|SGF|STL|BDF|WYSSA|ORD,user_approved_for_testing,needs_faa_validation,User-provided Top-50 aviation route table; user-approved for RouteCast testing regardless of FAA validation status,static_top_50_busiest_route_reference_not_delay_truth,FAA NASR 2026-06-11 waypoint coordinate extraction companion files; coordinates are not delay truth,"Internal RouteCast test corridor only; not FAA approval truth, not delay truth, not ATCSCC operational truth, not dispatch guidance"
28,atl_fll,Atlanta (ATL) to Fort Lauderdale (FLL),Atlanta,Fort Lauderdale,ATL,KATL,FLL,KFLL,J-73 / BLUFI STAR,jet_route_or_mixed,atlanta_to_fort_lauderdale,ATL|AMG|CRG|HIH|BLUFI|FLL,user_approved_for_testing,needs_faa_validation,User-provided Top-50 aviation route table; user-approved for RouteCast testing regardless of FAA validation status,static_top_50_busiest_route_reference_not_delay_truth,FAA NASR 2026-06-11 waypoint coordinate extraction companion files; coordinates are not delay truth,"Internal RouteCast test corridor only; not FAA approval truth, not delay truth, not ATCSCC operational truth, not dispatch guidance"
29,ord_msp,Chicago (ORD) to Minneapolis (MSP),Chicago,Minneapolis,ORD,KORD,MSP,KMSP,J-34 / AGASZ STAR,jet_route_or_mixed,chicago_to_minneapolis,ORD|DLL|ODI|EAU|AGASZ|MSP,user_approved_for_testing,needs_faa_validation,User-provided Top-50 aviation route table; user-approved for RouteCast testing regardless of FAA validation status,static_top_50_busiest_route_reference_not_delay_truth,FAA NASR 2026-06-11 waypoint coordinate extraction companion files; coordinates are not delay truth,"Internal RouteCast test corridor only; not FAA approval truth, not delay truth, not ATCSCC operational truth, not dispatch guidance"
30,dtw_atl,Detroit (DTW) to Atlanta (ATL),Detroit,Atlanta,DTW,KDTW,ATL,KATL,J-43 / SITTH STAR,jet_route_or_mixed,detroit_to_atlanta,DTW|DJB|STV|RLI|SITTH|ATL,user_approved_for_testing,needs_faa_validation,User-provided Top-50 aviation route table; user-approved for RouteCast testing regardless of FAA validation status,static_top_50_busiest_route_reference_not_delay_truth,FAA NASR 2026-06-11 waypoint coordinate extraction companion files; coordinates are not delay truth,"Internal RouteCast test corridor only; not FAA approval truth, not delay truth, not ATCSCC operational truth, not dispatch guidance"
31,lax_sfo,Los Angeles (LAX) to San Francisco (SFO),Los Angeles,San Francisco,LAX,KLAX,SFO,KSFO,BZZZZ DEPARTURE / SERFR STAR,sid_star_procedure_route,los_angeles_to_san_francisco,LAX|VTU|RZS|BZZZZ|AVE|SERFR|SFO,user_approved_for_testing,needs_faa_validation,User-provided Top-50 aviation route table; user-approved for RouteCast testing regardless of FAA validation status,static_top_50_busiest_route_reference_not_delay_truth,FAA NASR 2026-06-11 waypoint coordinate extraction companion files; coordinates are not delay truth,"Internal RouteCast test corridor only; not FAA approval truth, not delay truth, not ATCSCC operational truth, not dispatch guidance"
32,sfo_lax,San Francisco (SFO) to Los Angeles (LAX),San Francisco,Los Angeles,SFO,KSFO,LAX,KLAX,SFO9 DEPARTURE / IRNMN STAR,sid_star_procedure_route,san_francisco_to_los_angeles,SFO|SJC|AVE|FIM|IRNMN|LAX,user_approved_for_testing,needs_faa_validation,User-provided Top-50 aviation route table; user-approved for RouteCast testing regardless of FAA validation status,static_top_50_busiest_route_reference_not_delay_truth,FAA NASR 2026-06-11 waypoint coordinate extraction companion files; coordinates are not delay truth,"Internal RouteCast test corridor only; not FAA approval truth, not delay truth, not ATCSCC operational truth, not dispatch guidance"
33,las_lax,Las Vegas (LAS) to Los Angeles (LAX),Las Vegas,Los Angeles,LAS,KLAS,LAX,KLAX,BOOMR DEPARTURE / RIIVR STAR,sid_star_procedure_route,las_vegas_to_los_angeles,LAS|BLD|HEC|CLARR|RIIVR|LAX,user_approved_for_testing,needs_faa_validation,User-provided Top-50 aviation route table; user-approved for RouteCast testing regardless of FAA validation status,static_top_50_busiest_route_reference_not_delay_truth,FAA NASR 2026-06-11 waypoint coordinate extraction companion files; coordinates are not delay truth,"Internal RouteCast test corridor only; not FAA approval truth, not delay truth, not ATCSCC operational truth, not dispatch guidance"
34,lax_las,Los Angeles (LAX) to Las Vegas (LAS),Los Angeles,Las Vegas,LAX,KLAX,LAS,KLAS,CASTA DEPARTURE / LUXOR STAR,sid_star_procedure_route,los_angeles_to_las_vegas,LAX|DAG|MISEN|LUXOR|LAS,user_approved_for_testing,needs_faa_validation,User-provided Top-50 aviation route table; user-approved for RouteCast testing regardless of FAA validation status,static_top_50_busiest_route_reference_not_delay_truth,FAA NASR 2026-06-11 waypoint coordinate extraction companion files; coordinates are not delay truth,"Internal RouteCast test corridor only; not FAA approval truth, not delay truth, not ATCSCC operational truth, not dispatch guidance"
35,sea_lax,Seattle (SEA) to Los Angeles (LAX),Seattle,Los Angeles,SEA,KSEA,LAX,KLAX,J-1 / MOSTE STAR,jet_route_or_mixed,seattle_to_los_angeles,SEA|BTG|OED|RBL|AVE|MOSTE|LAX,user_approved_for_testing,needs_faa_validation,User-provided Top-50 aviation route table; user-approved for RouteCast testing regardless of FAA validation status,static_top_50_busiest_route_reference_not_delay_truth,FAA NASR 2026-06-11 waypoint coordinate extraction companion files; coordinates are not delay truth,"Internal RouteCast test corridor only; not FAA approval truth, not delay truth, not ATCSCC operational truth, not dispatch guidance"
36,lax_sea,Los Angeles (LAX) to Seattle (SEA),Los Angeles,Seattle,LAX,KLAX,SEA,KSEA,J-65 / HAWKZ STAR,jet_route_or_mixed,los_angeles_to_seattle,LAX|RZS|BZZZZ|LMT|EUG|HAWKZ|SEA,user_approved_for_testing,needs_faa_validation,User-provided Top-50 aviation route table; user-approved for RouteCast testing regardless of FAA validation status,static_top_50_busiest_route_reference_not_delay_truth,FAA NASR 2026-06-11 waypoint coordinate extraction companion files; coordinates are not delay truth,"Internal RouteCast test corridor only; not FAA approval truth, not delay truth, not ATCSCC operational truth, not dispatch guidance"
37,sfo_sea,San Francisco (SFO) to Seattle (SEA),San Francisco,Seattle,SFO,KSFO,SEA,KSEA,J-5 / OLYM2 STAR,jet_route_or_mixed,san_francisco_to_seattle,SFO|ENI|RBL|LMT|EUG|OLYM|SEA,user_approved_for_testing,needs_faa_validation,User-provided Top-50 aviation route table; user-approved for RouteCast testing regardless of FAA validation status,static_top_50_busiest_route_reference_not_delay_truth,FAA NASR 2026-06-11 waypoint coordinate extraction companion files; coordinates are not delay truth,"Internal RouteCast test corridor only; not FAA approval truth, not delay truth, not ATCSCC operational truth, not dispatch guidance"
38,phx_lax,Phoenix (PHX) to Los Angeles (LAX),Phoenix,Los Angeles,PHX,KPHX,LAX,KLAX,BXK DEPARTURE / SEAVU STAR,sid_star_procedure_route,phoenix_to_los_angeles,PHX|BXK|BLH|PALMD|SEAVU|LAX,user_approved_for_testing,needs_faa_validation,User-provided Top-50 aviation route table; user-approved for RouteCast testing regardless of FAA validation status,static_top_50_busiest_route_reference_not_delay_truth,FAA NASR 2026-06-11 waypoint coordinate extraction companion files; coordinates are not delay truth,"Internal RouteCast test corridor only; not FAA approval truth, not delay truth, not ATCSCC operational truth, not dispatch guidance"
39,san_sfo,San Diego (SAN) to San Francisco (SFO),San Diego,San Francisco,SAN,KSAN,SFO,KSFO,J-1 / STINS STAR,jet_route_or_mixed,san_diego_to_san_francisco,SAN|LAX|VTU|RZS|AVE|STINS|SFO,user_approved_for_testing,needs_faa_validation,User-provided Top-50 aviation route table; user-approved for RouteCast testing regardless of FAA validation status,static_top_50_busiest_route_reference_not_delay_truth,FAA NASR 2026-06-11 waypoint coordinate extraction companion files; coordinates are not delay truth,"Internal RouteCast test corridor only; not FAA approval truth, not delay truth, not ATCSCC operational truth, not dispatch guidance"
40,sea_sfo,Seattle (SEA) to San Francisco (SFO),Seattle,San Francisco,SEA,KSEA,SFO,KSFO,J-1 / GOLDN STAR,jet_route_or_mixed,seattle_to_san_francisco,SEA|OED|RBL|ENI|PYE|GOLDN|SFO,user_approved_for_testing,needs_faa_validation,User-provided Top-50 aviation route table; user-approved for RouteCast testing regardless of FAA validation status,static_top_50_busiest_route_reference_not_delay_truth,FAA NASR 2026-06-11 waypoint coordinate extraction companion files; coordinates are not delay truth,"Internal RouteCast test corridor only; not FAA approval truth, not delay truth, not ATCSCC operational truth, not dispatch guidance"
41,jfk_lax,New York (JFK) to Los Angeles (LAX),New York,Los Angeles,JFK,KJFK,LAX,KLAX,Q-42 / J-6 / J-84 / J-128,q_route_or_mixed,new_york_to_los_angeles,JFK|LRP|DJB|IOW|OMN|HEC|LAX,user_approved_for_testing,needs_faa_validation,User-provided Top-50 aviation route table; user-approved for RouteCast testing regardless of FAA validation status,static_top_50_busiest_route_reference_not_delay_truth,FAA NASR 2026-06-11 waypoint coordinate extraction companion files; coordinates are not delay truth,"Internal RouteCast test corridor only; not FAA approval truth, not delay truth, not ATCSCC operational truth, not dispatch guidance"
42,lax_jfk,Los Angeles (LAX) to New York (JFK),Los Angeles,New York,LAX,KLAX,JFK,KJFK,Q-24 / J-110 / J-60,q_route_or_mixed,los_angeles_to_new_york,LAX|BLD|DEN|OMA|OBK|ETG|JFK,user_approved_for_testing,needs_faa_validation,User-provided Top-50 aviation route table; user-approved for RouteCast testing regardless of FAA validation status,static_top_50_busiest_route_reference_not_delay_truth,FAA NASR 2026-06-11 waypoint coordinate extraction companion files; coordinates are not delay truth,"Internal RouteCast test corridor only; not FAA approval truth, not delay truth, not ATCSCC operational truth, not dispatch guidance"
43,den_phx,Denver (DEN) to Phoenix (PHX),Denver,Phoenix,DEN,KDEN,PHX,KPHX,J-52 / PINNS STAR,jet_route_or_mixed,denver_to_phoenix,DEN|ALS|GUP|SJN|PINNS|PHX,user_approved_for_testing,needs_faa_validation,User-provided Top-50 aviation route table; user-approved for RouteCast testing regardless of FAA validation status,static_top_50_busiest_route_reference_not_delay_truth,FAA NASR 2026-06-11 waypoint coordinate extraction companion files; coordinates are not delay truth,"Internal RouteCast test corridor only; not FAA approval truth, not delay truth, not ATCSCC operational truth, not dispatch guidance"
44,phx_den,Phoenix (PHX) to Denver (DEN),Phoenix,Denver,PHX,KPHX,DEN,KDEN,J-244 / RAMMS STAR,jet_route_or_mixed,phoenix_to_denver,PHX|GUP|ALS|HBU|RAMMS|DEN,user_approved_for_testing,needs_faa_validation,User-provided Top-50 aviation route table; user-approved for RouteCast testing regardless of FAA validation status,static_top_50_busiest_route_reference_not_delay_truth,FAA NASR 2026-06-11 waypoint coordinate extraction companion files; coordinates are not delay truth,"Internal RouteCast test corridor only; not FAA approval truth, not delay truth, not ATCSCC operational truth, not dispatch guidance"
45,den_las,Denver (DEN) to Las Vegas (LAS),Denver,Las Vegas,DEN,KDEN,LAS,KLAS,J-154 / GRNCO STAR,jet_route_or_mixed,denver_to_las_vegas,DEN|HBU|DVC|BCE|GRNCO|LAS,user_approved_for_testing,needs_faa_validation,User-provided Top-50 aviation route table; user-approved for RouteCast testing regardless of FAA validation status,static_top_50_busiest_route_reference_not_delay_truth,FAA NASR 2026-06-11 waypoint coordinate extraction companion files; coordinates are not delay truth,"Internal RouteCast test corridor only; not FAA approval truth, not delay truth, not ATCSCC operational truth, not dispatch guidance"
46,ord_den,Chicago (ORD) to Denver (DEN),Chicago,Denver,ORD,KORD,DEN,KDEN,Q-130 / DANDD STAR,q_route_or_mixed,chicago_to_denver,ORD|IOW|OMA|LBF|DANDD|DEN,user_approved_for_testing,needs_faa_validation,User-provided Top-50 aviation route table; user-approved for RouteCast testing regardless of FAA validation status,static_top_50_busiest_route_reference_not_delay_truth,FAA NASR 2026-06-11 waypoint coordinate extraction companion files; coordinates are not delay truth,"Internal RouteCast test corridor only; not FAA approval truth, not delay truth, not ATCSCC operational truth, not dispatch guidance"
47,den_ord,Denver (DEN) to Chicago (ORD),Denver,Chicago,DEN,KDEN,ORD,KORD,Q-48 / BENWR STAR,q_route_or_mixed,denver_to_chicago,DEN|SNY|LNK|DSM|MZV|BENWR|ORD,user_approved_for_testing,needs_faa_validation,User-provided Top-50 aviation route table; user-approved for RouteCast testing regardless of FAA validation status,static_top_50_busiest_route_reference_not_delay_truth,FAA NASR 2026-06-11 waypoint coordinate extraction companion files; coordinates are not delay truth,"Internal RouteCast test corridor only; not FAA approval truth, not delay truth, not ATCSCC operational truth, not dispatch guidance"
48,dfw_lax,Dallas-Fort Worth (DFW) to Los Angeles (LAX),Dallas-Fort Worth,Los Angeles,DFW,KDFW,LAX,KLAX,J-4 / ANZA STAR,jet_route_or_mixed,dallas_fort_worth_to_los_angeles,DFW|ABI|EWM|TUS|PSP|ANZA|LAX,user_approved_for_testing,needs_faa_validation,User-provided Top-50 aviation route table; user-approved for RouteCast testing regardless of FAA validation status,static_top_50_busiest_route_reference_not_delay_truth,FAA NASR 2026-06-11 waypoint coordinate extraction companion files; coordinates are not delay truth,"Internal RouteCast test corridor only; not FAA approval truth, not delay truth, not ATCSCC operational truth, not dispatch guidance"
49,lax_dfw,Los Angeles (LAX) to Dallas-Fort Worth (DFW),Los Angeles,Dallas-Fort Worth,LAX,KLAX,DFW,KDFW,J-74 / VKCCY STAR,jet_route_or_mixed,los_angeles_to_dallas_fort_worth,LAX|JLI|PXR|SQS|BYP|VKCCY|DFW,user_approved_for_testing,needs_faa_validation,User-provided Top-50 aviation route table; user-approved for RouteCast testing regardless of FAA validation status,static_top_50_busiest_route_reference_not_delay_truth,FAA NASR 2026-06-11 waypoint coordinate extraction companion files; coordinates are not delay truth,"Internal RouteCast test corridor only; not FAA approval truth, not delay truth, not ATCSCC operational truth, not dispatch guidance"
50,sfo_den,San Francisco (SFO) to Denver (DEN),San Francisco,Denver,SFO,KSFO,DEN,KDEN,J-84 / LANDR STAR,jet_route_or_mixed,san_francisco_to_denver,SFO|SAC|BAM|MVA|OAL|LANDR|DEN,user_approved_for_testing,needs_faa_validation,User-provided Top-50 aviation route table; user-approved for RouteCast testing regardless of FAA validation status,static_top_50_busiest_route_reference_not_delay_truth,FAA NASR 2026-06-11 waypoint coordinate extraction companion files; coordinates are not delay truth,"Internal RouteCast test corridor only; not FAA approval truth, not delay truth, not ATCSCC operational truth, not dispatch guidance"
